district,state,population,poverty_headcount_pct,child_malnutrition_pct,agri_workforce_pct,healthcare_deficit_pct,literacy_rate_pct,composite_need_index
Patna,Bihar,5838465,33.8,39.4,42.5,41.2,70.7,82.4
Bhubaneswar,Odisha,3100000,28.5,34.2,46.0,38.0,76.5,74.1
Guwahati,Assam,1850000,26.4,32.8,38.5,35.5,78.2,69.5
Lucknow,Uttar Pradesh,4589838,24.6,31.5,35.0,32.0,77.3,66.8
Bhopal,Madhya Pradesh,2371061,22.1,33.0,31.0,30.5,80.4,63.2
Jaipur,Rajasthan,3073350,19.8,28.4,34.0,29.0,75.6,58.7
Kolkata,West Bengal,4496694,15.2,21.5,12.0,18.0,86.3,42.1
Ahmedabad,Gujarat,5570585,14.6,23.8,18.5,19.2,85.3,41.5
Ludhiana,Punjab,3498739,12.4,19.2,28.0,16.5,82.2,38.9
Pune,Maharashtra,9429408,11.8,18.5,22.0,15.0,86.2,35.4
Chennai,Tamil Nadu,4646732,9.5,14.2,6.5,11.2,90.2,24.8
Bengaluru,Karnataka,8443675,8.2,13.6,7.0,10.5,88.7,22.3
Thiruvananthapuram,Kerala,3301427,5.1,11.0,14.2,8.0,93.0,16.5
