scheme_name,ministry,category,central_budget_cr,target_sector,sdg_goal,primary_beneficiaries,mandate_description
PM-KISAN,Ministry of Agriculture & Farmers Welfare,Agriculture,60000,Farmer Income Support,SDG 2: Zero Hunger,Small & Marginal Farmers,"Provides direct income transfer of Rs 6,000 per year to eligible farmer families across India."
Soil Health Card,Ministry of Agriculture & Farmers Welfare,Agriculture,1200,Soil Nutrients & Agronomy,SDG 2 & 15,Farmers & Agro-labs,"Issues soil health cards and nutrient advisories to optimize fertilizer use and farm productivity."
PM Fasal Bima Yojana,Ministry of Agriculture & Farmers Welfare,Agriculture,15000,Crop Insurance & Risk Mitigation,SDG 1 & 8,Farming Community,"Comprehensive insurance coverage against crop loss due to non-preventable natural risks."
RKVY,Ministry of Agriculture & Farmers Welfare,Agriculture,9500,Agri-Infrastructure & Innovation,SDG 2 & 9,Agri-entrepreneurs & Farmers,"Incentivizes states to enhance public investment in agriculture and allied infrastructure."
e-NAM,Ministry of Agriculture & Farmers Welfare,Agriculture,1500,Digital Commodity Trading,SDG 8 & 9,Farmers & APMC Mandis,"Pan-India electronic trading portal networking existing APMC mandis to create a unified national market."
MGNREGA,Ministry of Rural Development,Infrastructure,73000,Rural Livelihood & Public Assets,SDG 1 & 8,Rural Unskilled Labor,"Guarantees at least 100 days of wage employment per financial year to every rural household."
PMAY-G,Ministry of Rural Development,Infrastructure,54000,Affordable Rural Housing,SDG 11: Sustainable Communities,Houseless & Kutcha Household Families,"Assistance for constructing pucca houses with basic amenities for rural families below poverty line."
PMGSY,Ministry of Rural Development,Infrastructure,19000,All-Weather Road Connectivity,SDG 9: Industry & Infrastructure,Rural Habitations,"Provides all-weather road connectivity to unconnected habitations in rural areas."
NRLM,Ministry of Rural Development,Women Empowerment,14000,Self Help Groups & Micro-finance,SDG 1 & 5,Rural Poor Women,"Mobilizes rural poor households into self-managed Self Help Groups (SHGs) and supports livelihoods."
Samagra Shiksha,Ministry of Education,Education,37500,Holistic School Education,SDG 4: Quality Education,Pre-primary to Class 12 Students,"Overarching programme for school education from pre-school to senior secondary levels."
Mid-Day Meal,Ministry of Education,Education,12800,School Nutrition & Retention,SDG 2 & 4,Primary & Upper Primary Students,"Nutritious cooked mid-day meal to improve enrollment, retention, and nutritional status of children."
PM e-VIDYA,Ministry of Education,Education,2500,Digital & Multi-mode Education,SDG 4: Quality Education,Students & Teachers,"Unifies all efforts related to digital/online/on-air education to enable multi-mode access."
National Health Mission,Ministry of Health & Family Welfare,Health,36000,Universal Health Care,SDG 3: Good Health & Well-being,Rural & Urban Vulnerable Populations,"Strengthens public healthcare systems, maternal/child health, and communicable/non-communicable disease control."
Ayushman Bharat,Ministry of Health & Family Welfare,Health,7200,Health Insurance & PM-JAY,SDG 3: Good Health & Well-being,Bottom 40% Vulnerable Families,"Provides health cover of Rs 5 lakh per family per year for secondary and tertiary care hospitalization."
PM National Dialysis Programme,Ministry of Health & Family Welfare,Health,850,Renal Care Services,SDG 3: Good Health & Well-being,End-Stage Renal Disease Patients,"Offers subsidized or free dialysis services to patients below poverty line at district hospital levels."
Mission Indradhanush,Ministry of Health & Family Welfare,Health,1100,Universal Immunization,SDG 3: Good Health & Well-being,Unvaccinated Infants & Pregnant Women,"Intensive vaccination drive targeting unvaccinated or partially vaccinated children and pregnant mothers."
ICDS,Ministry of Women & Child Development,Nutrition,20500,Early Childhood Development,SDG 2 & 3,"Children under 6, Pregnant & Lactating Mothers","Provides supplementary nutrition, preschool education, and health check-ups through Anganwadi centers."
Beti Bachao Beti Padhao,Ministry of Women & Child Development,Women Empowerment,300,Gender Equality & Girl Child,SDG 5: Gender Equality,Girl Children & Adolescent Girls,"Prevents gender-biased sex selection and ensures survival, protection, and education of the girl child."
Poshan Abhiyaan,Ministry of Women & Child Development,Nutrition,3800,Stunting & Malnutrition Eradication,SDG 2: Zero Hunger,"Children 0-6 years, Adolescent Girls, Mothers","Multi-ministerial convergence mission to reduce stunting, undernutrition, anemia, and low birth weight."
